Country_code,Region,City,Area,Rate_or_extra,Cost,Custom_rates
DZ,16 Alger,,,rate,,توصيل للمنزل:400|استلام من المكتب Stop Desk:250
DZ,09 Blida,,,rate,,توصيل للمنزل:450|استلام من المكتب Stop Desk:250
DZ,31 Oran,,,rate,,توصيل للمنزل:500|استلام من المكتب Stop Desk:300
DZ,25 Constantine,,,rate,,توصيل للمنزل:500|استلام من المكتب Stop Desk:300
DZ,19 Setif,,,rate,,توصيل للمنزل:500|استلام من المكتب Stop Desk:300
DZ,15 Tizi Ouzou,,,rate,,توصيل للمنزل:500|استلام من المكتب Stop Desk:300
DZ,06 Bejaia,,,rate,,توصيل للمنزل:550|استلام من المكتب Stop Desk:350
DZ,13 Tlemcen,,,rate,,توصيل للمنزل:550|استلام من المكتب Stop Desk:350
DZ,23 Annaba,,,rate,,توصيل للمنزل:550|استلام من المكتب Stop Desk:350
DZ,18 Jijel,,,rate,,توصيل للمنزل:550|استلام من المكتب Stop Desk:350
DZ,27 Mostaganem,,,rate,,توصيل للمنزل:550|استلام من المكتب Stop Desk:350
DZ,35 Boumerdes,,,rate,,توصيل للمنزل:450|استلام من المكتب Stop Desk:250
DZ,42 Tipaza,,,rate,,توصيل للمنزل:450|استلام من المكتب Stop Desk:250
DZ,05 Batna,,,rate,,توصيل للمنزل:550|استلام من المكتب Stop Desk:350
DZ,07 Biskra,,,rate,,توصيل للمنزل:650|استلام من المكتب Stop Desk:450
DZ,30 Ouargla,,,rate,,توصيل للمنزل:750|استلام من المكتب Stop Desk:550
DZ,01 Adrar,,,rate,,توصيل للمنزل:950|استلام من المكتب Stop Desk:700
DZ,47 Ghardaia,,,rate,,توصيل للمنزل:750|استلام من المكتب Stop Desk:550
